{"has_child":1,"home_url":"http:\/\/iabcregina.local","child_file":{"iabcregina.local_wpvivid-607772e036883_2021-04-14-22-55_backup_plugin.zip":{"file_type":"plugin","plugin":{"smart-slider-3":{"slug":"smart-slider-3","size":11675005},"sticky-menu-or-anything-on-scroll":{"slug":"sticky-menu-or-anything-on-scroll","size":206570},"ultimate-addons-for-gutenberg":{"slug":"ultimate-addons-for-gutenberg","size":15440206},"userswp":{"slug":"userswp","size":6645176},"userswp-social-login":{"slug":"userswp-social-login","size":503986},"wordpress-importer":{"slug":"wordpress-importer","size":85846},"wpforms-lite":{"slug":"wpforms-lite","size":14204107}},"root_flag":"wp-content","file":"iabcregina.local_wpvivid-607772e036883_2021-04-14-22-55_backup_plugin.zip","php_version":"7.3.5","mysql_version":"5.5.5"},"iabcregina.local_wpvivid-607772e036883_2021-04-14-22-55_backup_core.zip":{"include_path":["wp-includes","wp-admin"],"wp_core":1,"home_url":"http:\/\/iabcregina.local","file_type":"wp-core","root_flag":"root","file":"iabcregina.local_wpvivid-607772e036883_2021-04-14-22-55_backup_core.zip","php_version":"7.3.5","mysql_version":"5.5.5"},"iabcregina.local_wpvivid-607772e036883_2021-04-14-22-55_backup_themes.zip":{"file_type":"themes","themes":{"astra":{"slug":"astra","size":20623211},"twentynineteen":{"slug":"twentynineteen","size":1319305},"twentytwenty":{"slug":"twentytwenty","size":1821941},"twentytwentyone":{"slug":"twentytwentyone","size":3613330}},"root_flag":"wp-content","file":"iabcregina.local_wpvivid-607772e036883_2021-04-14-22-55_backup_themes.zip","php_version":"7.3.5","mysql_version":"5.5.5"},"iabcregina.local_wpvivid-607772e036883_2021-04-14-22-55_backup_db.zip":{"dump_db":1,"home_url":"http:\/\/iabcregina.local","file_type":"databases","root_flag":"custom","file":"iabcregina.local_wpvivid-607772e036883_2021-04-14-22-55_backup_db.zip","php_version":"7.3.5","mysql_version":"5.5.5"},"iabcregina.local_wpvivid-607772e036883_2021-04-14-22-55_backup_uploads.zip":{"file_type":"upload","root_flag":"wp-content","file":"iabcregina.local_wpvivid-607772e036883_2021-04-14-22-55_backup_uploads.zip","php_version":"7.3.5","mysql_version":"5.5.5"},"iabcregina.local_wpvivid-607772e036883_2021-04-14-22-55_backup_content.zip":{"file_type":"wp-content","root_flag":"root","file":"iabcregina.local_wpvivid-607772e036883_2021-04-14-22-55_backup_content.zip","php_version":"7.3.5","mysql_version":"5.5.5"}},"root_flag":"custom","file":"iabcregina.local_wpvivid-607772e036883_2021-04-14-22-55_backup_all.zip","php_version":"7.3.5","mysql_version":"5.5.5"}